{
  "House Prices Advanced Regression Techniques": [
    0.7666258927513662,
    0.5466988643543723,
    0.7953474840773542,
    0.2586188656103803,
    0.7169739068343071,
    0.5357660576679903
  ],
  "Indian Metro Data": [
    0.002504226457568759
  ],
  "Sberbank Russian Housing Market": [
    0.014714504778559512
  ]
}